Message,Time
"PHP Parse error:  syntax error, unexpected token ""<"", expecting end of file in /nas/content/live/miraclemilesh/wp-content/themes/bb-theme/functions.php on line 102","Thu Sep 17 2026 13:39:02 GMT-0400 (Eastern Daylight Time)"
"message repeated 522 times: [ PHP Parse error:  syntax error, unexpected token ""<"", expecting end of file in /nas/content/live/miraclemilesh/wp-content/themes/bb-theme/functions.php on line 102]","Thu Sep 17 2026 13:38:56 GMT-0400 (Eastern Daylight Time)"
"PHP Parse error:  syntax error, unexpected token ""<"", expecting end of file in /nas/content/live/miraclemilesh/wp-content/themes/bb-theme/functions.php on line 102","Thu Sep 17 2026 13:17:23 GMT-0400 (Eastern Daylight Time)"
"message repeated 40 times: [ PHP Parse error:  syntax error, unexpected token ""<"", expecting end of file in /nas/content/live/miraclemilesh/wp-content/themes/bb-theme/functions.php on line 102]","Thu Sep 17 2026 13:16:52 GMT-0400 (Eastern Daylight Time)"
"PHP Parse error:  syntax error, unexpected token ""<"", expecting end of file in /nas/content/live/miraclemilesh/wp-content/themes/bb-theme/functions.php on line 102","Thu Sep 17 2026 13:11:47 GMT-0400 (Eastern Daylight Time)"
"message repeated 18 times: [ PHP Parse error:  syntax error, unexpected token ""<"", expecting end of file in /nas/content/live/miraclemilesh/wp-content/themes/bb-theme/functions.php on line 102]","Thu Sep 17 2026 13:11:40 GMT-0400 (Eastern Daylight Time)"
"PHP Parse error:  syntax error, unexpected token ""<"", expecting end of file in /nas/content/live/miraclemilesh/wp-content/themes/bb-theme/functions.php on line 102","Thu Sep 17 2026 13:09:05 GMT-0400 (Eastern Daylight Time)"
"message repeated 111 times: [ PHP Parse error:  syntax error, unexpected token ""<"", expecting end of file in /nas/content/live/miraclemilesh/wp-content/themes/bb-theme/functions.php on line 102]","Thu Sep 17 2026 13:09:00 GMT-0400 (Eastern Daylight Time)"
"PHP Parse error:  syntax error, unexpected token ""<"", expecting end of file in /nas/content/live/miraclemilesh/wp-content/themes/bb-theme/functions.php on line 102","Thu Sep 17 2026 13:04:22 GMT-0400 (Eastern Daylight Time)"
"auditor:scan=fingerprint {""blog_id"":1,""kind"":""theme"",""name"":""Twenty Twenty-Five"",""slug"":""twentytwentyfive"",""ver"":""1.5"",""sig"":""v1:nohash""}","Thu Sep 17 2026 11:01:55 GMT-0400 (Eastern Daylight Time)"
"auditor:scan=fingerprint {""blog_id"":1,""kind"":""theme"",""name"":""Genesis Block Theme"",""slug"":""genesis-block-theme"",""ver"":""1.0.0"",""sig"":""v1:nohash""}","Thu Sep 17 2026 11:01:55 GMT-0400 (Eastern Daylight Time)"
"auditor:scan=fingerprint {""blog_id"":1,""kind"":""theme"",""name"":""Beaver Builder Theme"",""slug"":""bb-theme"",""ver"":""1.7.20"",""sig"":""v1:nohash""}","Thu Sep 17 2026 11:01:55 GMT-0400 (Eastern Daylight Time)"
"auditor:scan=fingerprint {""blog_id"":1,""kind"":""theme"",""name"":""Beaver Builder Child Theme"",""slug"":""bb-theme-child"",""ver"":""1.0"",""sig"":""v1:nohash""}","Thu Sep 17 2026 11:01:55 GMT-0400 (Eastern Daylight Time)"
"auditor:scan=fingerprint {""blog_id"":1,""kind"":""installed-plugin"",""name"":""Genesis Blocks"",""slug"":""genesis-blocks/genesis-blocks.php"",""ver"":""3.1.11"",""sig"":""v1:nohash""}","Thu Sep 17 2026 09:51:47 GMT-0400 (Eastern Daylight Time)"
"auditor:scan=fingerprint {""blog_id"":1,""kind"":""installed-plugin"",""name"":""Akismet Anti-spam: Spam Protection"",""slug"":""akismet/akismet.php"",""ver"":""5.7.2"",""sig"":""v1:nohash""}","Thu Sep 17 2026 09:51:47 GMT-0400 (Eastern Daylight Time)"
"auditor:scan=fingerprint {""blog_id"":1,""kind"":""installed-plugin"",""name"":""Advanced Custom Fields"",""slug"":""advanced-custom-fields/acf.php"",""ver"":""6.8.10"",""sig"":""v1:nohash""}","Thu Sep 17 2026 09:51:47 GMT-0400 (Eastern Daylight Time)"
"auditor:scan=fingerprint {""blog_id"":1,""kind"":""active-plugin"",""name"":""WP Engine Site Migration"",""slug"":""wpe-site-migration/wpe-site-migration.php"",""ver"":""1.8.5"",""sig"":""v1:nohash""}","Thu Sep 17 2026 09:51:47 GMT-0400 (Eastern Daylight Time)"
"auditor:scan=fingerprint {""blog_id"":1,""kind"":""active-plugin"",""name"":""WP Activity Log"",""slug"":""wp-security-audit-log/wp-security-audit-log.php"",""ver"":""5.6.6"",""sig"":""v1:nohash""}","Thu Sep 17 2026 09:51:47 GMT-0400 (Eastern Daylight Time)"
"auditor:scan=fingerprint {""blog_id"":1,""kind"":""active-plugin"",""name"":""WP All Import"",""slug"":""wp-all-import/plugin.php"",""ver"":""4.1.1"",""sig"":""v1:nohash""}","Thu Sep 17 2026 09:51:47 GMT-0400 (Eastern Daylight Time)"
"auditor:scan=fingerprint {""blog_id"":1,""kind"":""active-plugin"",""name"":""WP All Export"",""slug"":""wp-all-export/wp-all-export.php"",""ver"":""1.5.0"",""sig"":""v1:nohash""}","Thu Sep 17 2026 09:51:47 GMT-0400 (Eastern Daylight Time)"
"auditor:scan=fingerprint {""blog_id"":1,""kind"":""active-plugin"",""name"":""Yoast SEO"",""slug"":""wordpress-seo/wp-seo.php"",""ver"":""28.5"",""sig"":""v1:nohash""}","Thu Sep 17 2026 09:51:47 GMT-0400 (Eastern Daylight Time)"
"auditor:scan=fingerprint {""blog_id"":1,""kind"":""active-plugin"",""name"":""WordPress Importer"",""slug"":""wordpress-importer/wordpress-importer.php"",""ver"":""0.9.6"",""sig"":""v1:nohash""}","Thu Sep 17 2026 09:51:47 GMT-0400 (Eastern Daylight Time)"
"auditor:scan=fingerprint {""blog_id"":1,""kind"":""active-plugin"",""name"":""Wordfence Security"",""slug"":""wordfence/wordfence.php"",""ver"":""9.0.1"",""sig"":""v1:nohash""}","Thu Sep 17 2026 09:51:47 GMT-0400 (Eastern Daylight Time)"
"auditor:scan=fingerprint {""blog_id"":1,""kind"":""active-plugin"",""name"":""Redirection"",""slug"":""redirection/redirection.php"",""ver"":""5.10.0"",""sig"":""v1:nohash""}","Thu Sep 17 2026 09:51:47 GMT-0400 (Eastern Daylight Time)"
"auditor:scan=fingerprint {""blog_id"":1,""kind"":""active-plugin"",""name"":""Panorama \u2013 Turn Photos into Immersive Virtual Tours"",""slug"":""panorama/panorama.php"",""ver"":""1.8.0"",""sig"":""v1:nohash""}","Thu Sep 17 2026 09:51:47 GMT-0400 (Eastern Daylight Time)"
"auditor:scan=fingerprint {""blog_id"":1,""kind"":""active-plugin"",""name"":""Meta pixel for WordPress"",""slug"":""official-facebook-pixel/facebook-for-wordpress.php"",""ver"":""5.2.2"",""sig"":""v1:nohash""}","Thu Sep 17 2026 09:51:47 GMT-0400 (Eastern Daylight Time)"
"auditor:scan=fingerprint {""blog_id"":1,""kind"":""active-plugin"",""name"":""Klaviyo"",""slug"":""klaviyo/klaviyo.php"",""ver"":""3.8.3"",""sig"":""v1:nohash""}","Thu Sep 17 2026 09:51:47 GMT-0400 (Eastern Daylight Time)"
"auditor:scan=fingerprint {""blog_id"":1,""kind"":""active-plugin"",""name"":""Smash Balloon Instagram Feed"",""slug"":""instagram-feed/instagram-feed.php"",""ver"":""6.13.0"",""sig"":""v1:nohash""}","Thu Sep 17 2026 09:51:47 GMT-0400 (Eastern Daylight Time)"
"auditor:scan=fingerprint {""blog_id"":1,""kind"":""active-plugin"",""name"":""Social Feed Gallery"",""slug"":""insta-gallery/insta-gallery.php"",""ver"":""5.0.8"",""sig"":""v1:nohash""}","Thu Sep 17 2026 09:51:47 GMT-0400 (Eastern Daylight Time)"
"auditor:scan=fingerprint {""blog_id"":1,""kind"":""active-plugin"",""name"":""Header Footer Code Manager"",""slug"":""header-footer-code-manager/99robots-header-footer-code-manager.php"",""ver"":""1.1.46"",""sig"":""v1:nohash""}","Thu Sep 17 2026 09:51:47 GMT-0400 (Eastern Daylight Time)"
"auditor:scan=fingerprint {""blog_id"":1,""kind"":""active-plugin"",""name"":""Google Language Translator"",""slug"":""google-language-translator/google-language-translator.php"",""ver"":""6.0.20"",""sig"":""v1:nohash""}","Thu Sep 17 2026 09:51:47 GMT-0400 (Eastern Daylight Time)"
"auditor:scan=fingerprint {""blog_id"":1,""kind"":""active-plugin"",""name"":""FlowPaper"",""slug"":""flowpaper-lite-pdf-flipbook/flowpaper.php"",""ver"":""2.0.8"",""sig"":""v1:nohash""}","Thu Sep 17 2026 09:51:47 GMT-0400 (Eastern Daylight Time)"
"auditor:scan=fingerprint {""blog_id"":1,""kind"":""active-plugin"",""name"":""EWWW Image Optimizer"",""slug"":""ewww-image-optimizer/ewww-image-optimizer.php"",""ver"":""8.7.7"",""sig"":""v1:nohash""}","Thu Sep 17 2026 09:51:47 GMT-0400 (Eastern Daylight Time)"
"auditor:scan=fingerprint {""blog_id"":1,""kind"":""active-plugin"",""name"":""Enable Media Replace"",""slug"":""enable-media-replace/enable-media-replace.php"",""ver"":""4.2.2"",""sig"":""v1:nohash""}","Thu Sep 17 2026 09:51:47 GMT-0400 (Eastern Daylight Time)"
"auditor:scan=fingerprint {""blog_id"":1,""kind"":""active-plugin"",""name"":""Custom Post Type UI"",""slug"":""custom-post-type-ui/custom-post-type-ui.php"",""ver"":""1.19.3"",""sig"":""v1:nohash""}","Thu Sep 17 2026 09:51:47 GMT-0400 (Eastern Daylight Time)"
"auditor:scan=fingerprint {""blog_id"":1,""kind"":""active-plugin"",""name"":""Create And Assign Categories For Pages"",""slug"":""create-and-assign-categories-for-pages/create-and-assign-categories-for-pages.php"",""ver"":""1.2.1"",""sig"":""v1:nohash""}","Thu Sep 17 2026 09:51:47 GMT-0400 (Eastern Daylight Time)"
"auditor:scan=fingerprint {""blog_id"":1,""kind"":""active-plugin"",""name"":""Constant Contact Forms for WordPress"",""slug"":""constant-contact-forms/constant-contact-forms.php"",""ver"":""2.21.0"",""sig"":""v1:nohash""}","Thu Sep 17 2026 09:51:47 GMT-0400 (Eastern Daylight Time)"
"auditor:scan=fingerprint {""blog_id"":1,""kind"":""active-plugin"",""name"":""PowerPack for Beaver Builder"",""slug"":""bbpowerpack/bb-powerpack.php"",""ver"":""2.42.3"",""sig"":""v1:nohash""}","Thu Sep 17 2026 09:51:47 GMT-0400 (Eastern Daylight Time)"
"auditor:scan=fingerprint {""blog_id"":1,""kind"":""active-plugin"",""name"":""Ultimate Addons for Beaver Builder Pro"",""slug"":""bb-ultimate-addon/bb-ultimate-addon.php"",""ver"":""1.37.7"",""sig"":""v1:nohash""}","Thu Sep 17 2026 09:51:47 GMT-0400 (Eastern Daylight Time)"
"auditor:scan=fingerprint {""blog_id"":1,""kind"":""active-plugin"",""name"":""Beaver Themer"",""slug"":""bb-theme-builder/bb-theme-builder.php"",""ver"":""1.6"",""sig"":""v1:nohash""}","Thu Sep 17 2026 09:51:47 GMT-0400 (Eastern Daylight Time)"
"auditor:scan=fingerprint {""blog_id"":1,""kind"":""active-plugin"",""name"":""Beaver Builder Plugin (Pro Version)"",""slug"":""bb-plugin/fl-builder.php"",""ver"":""2.11.0.4"",""sig"":""v1:nohash""}","Thu Sep 17 2026 09:51:47 GMT-0400 (Eastern Daylight Time)"
"auditor:scan=fingerprint {""blog_id"":1,""kind"":""active-plugin"",""name"":""WP Engine Smart Plugin Manager"",""slug"":""autoupdater/autoupdater.php"",""ver"":""6.1.8"",""sig"":""v1:nohash""}","Thu Sep 17 2026 09:51:47 GMT-0400 (Eastern Daylight Time)"
"auditor:scan=fingerprint {""blog_id"":1,""kind"":""active-plugin"",""name"":""Advanced Custom Fields PRO"",""slug"":""advanced-custom-fields-pro/acf.php"",""ver"":""6.8.10"",""sig"":""v1:nohash""}","Thu Sep 17 2026 09:51:47 GMT-0400 (Eastern Daylight Time)"
"auditor:scan=fingerprint {""blog_id"":1,""kind"":""active-plugin"",""name"":""Gravity Forms"",""slug"":""gravityforms/gravityforms.php"",""ver"":""3.1.1"",""sig"":""v1:nohash""}","Thu Sep 17 2026 09:51:47 GMT-0400 (Eastern Daylight Time)"
"auditor:scan=fingerprint {""blog_id"":1,""kind"":""mu-plugin"",""name"":""WP Engine Security Auditor"",""slug"":""wpengine-security-auditor.php"",""ver"":""1.1.1"",""sig"":""v1:nohash""}","Thu Sep 17 2026 09:51:47 GMT-0400 (Eastern Daylight Time)"
"auditor:scan=fingerprint {""blog_id"":1,""kind"":""mu-plugin"",""name"":""WP Engine Seamless Login Plugin"",""slug"":""wpe-wp-sign-on-plugin.php"",""ver"":""1.6.2"",""sig"":""v1:nohash""}","Thu Sep 17 2026 09:51:47 GMT-0400 (Eastern Daylight Time)"
"auditor:scan=fingerprint {""blog_id"":1,""kind"":""mu-plugin"",""name"":""WP Engine Update Source Selector"",""slug"":""wpe-update-source-selector.php"",""ver"":""1.1.5"",""sig"":""v1:nohash""}","Thu Sep 17 2026 09:51:47 GMT-0400 (Eastern Daylight Time)"
"auditor:scan=fingerprint {""blog_id"":1,""kind"":""mu-plugin"",""name"":""WP Engine Cache Plugin"",""slug"":""wpe-cache-plugin.php"",""ver"":""1.3.0"",""sig"":""v1:nohash""}","Thu Sep 17 2026 09:51:47 GMT-0400 (Eastern Daylight Time)"
"auditor:scan=fingerprint {""blog_id"":1,""kind"":""mu-plugin"",""name"":""Force Strong Passwords - WPE Edition"",""slug"":""slt-force-strong-passwords.php"",""ver"":""1.8.0"",""sig"":""v1:nohash""}","Thu Sep 17 2026 09:51:47 GMT-0400 (Eastern Daylight Time)"
"auditor:scan=fingerprint {""blog_id"":1,""kind"":""mu-plugin"",""name"":""WP Engine System"",""slug"":""mu-plugin.php"",""ver"":""6.6.3"",""sig"":""v1:nohash""}","Thu Sep 17 2026 09:51:47 GMT-0400 (Eastern Daylight Time)"
"auditor:scan=fingerprint {""blog_id"":1,""kind"":""wp-core"",""name"":""wp-admin"",""slug"":""wp-admin"",""ver"":""7.1"",""sig"":""v1:nohash""}","Thu Sep 17 2026 06:08:26 GMT-0400 (Eastern Daylight Time)"
"auditor:scan=fingerprint {""blog_id"":1,""kind"":""wp-core"",""name"":""wp-includes"",""slug"":""wp-includes"",""ver"":""7.1"",""sig"":""v1:nohash""}","Thu Sep 17 2026 06:08:26 GMT-0400 (Eastern Daylight Time)"
"PHP Warning:  file_get_contents(/nas/content/live/miraclemilesh/wp-content/uploads/bb-plugin/cache/85-layout.css): Failed to open stream: No such file or directory in /nas/content/live/miraclemilesh/wp-content/plugins/bb-plugin/classes/class-fl-builder-model.php on line 1046","Thu Sep 17 2026 00:26:58 GMT-0400 (Eastern Daylight Time)"
"auditor:scan=fingerprint {""blog_id"":1,""kind"":""theme"",""name"":""Twenty Twenty-Five"",""slug"":""twentytwentyfive"",""ver"":""1.5"",""sig"":""v1:nohash""}","Thu Sep 17 2026 00:04:09 GMT-0400 (Eastern Daylight Time)"
"auditor:scan=fingerprint {""blog_id"":1,""kind"":""theme"",""name"":""Genesis Block Theme"",""slug"":""genesis-block-theme"",""ver"":""1.0.0"",""sig"":""v1:nohash""}","Thu Sep 17 2026 00:04:09 GMT-0400 (Eastern Daylight Time)"
"auditor:scan=fingerprint {""blog_id"":1,""kind"":""theme"",""name"":""Beaver Builder Theme"",""slug"":""bb-theme"",""ver"":""1.7.20"",""sig"":""v1:nohash""}","Thu Sep 17 2026 00:04:09 GMT-0400 (Eastern Daylight Time)"
"auditor:scan=fingerprint {""blog_id"":1,""kind"":""theme"",""name"":""Beaver Builder Child Theme"",""slug"":""bb-theme-child"",""ver"":""1.0"",""sig"":""v1:nohash""}","Thu Sep 17 2026 00:04:09 GMT-0400 (Eastern Daylight Time)"
"PHP Warning:  file_get_contents(/nas/content/live/miraclemilesh/wp-content/uploads/bb-plugin/cache/85-layout.css): Failed to open stream: No such file or directory in /nas/content/live/miraclemilesh/wp-content/plugins/bb-plugin/classes/class-fl-builder-model.php on line 1046","Wed Sep 16 2026 21:54:22 GMT-0400 (Eastern Daylight Time)"
"PHP Warning:  file_get_contents(/nas/content/live/miraclemilesh/wp-content/uploads/bb-plugin/cache/85-layout.css): Failed to open stream: No such file or directory in /nas/content/live/miraclemilesh/wp-content/plugins/bb-theme-builder/classes/class-fl-theme-builder-layout-renderer.php on line 215","Wed Sep 16 2026 21:28:03 GMT-0400 (Eastern Daylight Time)"
"auditor:scan=fingerprint {""blog_id"":1,""kind"":""installed-plugin"",""name"":""Genesis Blocks"",""slug"":""genesis-blocks/genesis-blocks.php"",""ver"":""3.1.11"",""sig"":""v1:nohash""}","Wed Sep 16 2026 19:40:53 GMT-0400 (Eastern Daylight Time)"
"auditor:scan=fingerprint {""blog_id"":1,""kind"":""installed-plugin"",""name"":""Akismet Anti-spam: Spam Protection"",""slug"":""akismet/akismet.php"",""ver"":""5.7.2"",""sig"":""v1:nohash""}","Wed Sep 16 2026 19:40:53 GMT-0400 (Eastern Daylight Time)"
"auditor:scan=fingerprint {""blog_id"":1,""kind"":""installed-plugin"",""name"":""Advanced Custom Fields"",""slug"":""advanced-custom-fields/acf.php"",""ver"":""6.8.10"",""sig"":""v1:nohash""}","Wed Sep 16 2026 19:40:53 GMT-0400 (Eastern Daylight Time)"
"auditor:scan=fingerprint {""blog_id"":1,""kind"":""active-plugin"",""name"":""WP Engine Site Migration"",""slug"":""wpe-site-migration/wpe-site-migration.php"",""ver"":""1.8.5"",""sig"":""v1:nohash""}","Wed Sep 16 2026 19:40:53 GMT-0400 (Eastern Daylight Time)"
"auditor:scan=fingerprint {""blog_id"":1,""kind"":""active-plugin"",""name"":""WP Activity Log"",""slug"":""wp-security-audit-log/wp-security-audit-log.php"",""ver"":""5.6.6"",""sig"":""v1:nohash""}","Wed Sep 16 2026 19:40:53 GMT-0400 (Eastern Daylight Time)"
"auditor:scan=fingerprint {""blog_id"":1,""kind"":""active-plugin"",""name"":""WP All Import"",""slug"":""wp-all-import/plugin.php"",""ver"":""4.1.1"",""sig"":""v1:nohash""}","Wed Sep 16 2026 19:40:53 GMT-0400 (Eastern Daylight Time)"
"auditor:scan=fingerprint {""blog_id"":1,""kind"":""active-plugin"",""name"":""WP All Export"",""slug"":""wp-all-export/wp-all-export.php"",""ver"":""1.5.0"",""sig"":""v1:nohash""}","Wed Sep 16 2026 19:40:53 GMT-0400 (Eastern Daylight Time)"
"auditor:scan=fingerprint {""blog_id"":1,""kind"":""active-plugin"",""name"":""Yoast SEO"",""slug"":""wordpress-seo/wp-seo.php"",""ver"":""28.5"",""sig"":""v1:nohash""}","Wed Sep 16 2026 19:40:53 GMT-0400 (Eastern Daylight Time)"
"auditor:scan=fingerprint {""blog_id"":1,""kind"":""active-plugin"",""name"":""WordPress Importer"",""slug"":""wordpress-importer/wordpress-importer.php"",""ver"":""0.9.6"",""sig"":""v1:nohash""}","Wed Sep 16 2026 19:40:53 GMT-0400 (Eastern Daylight Time)"
"auditor:scan=fingerprint {""blog_id"":1,""kind"":""active-plugin"",""name"":""Wordfence Security"",""slug"":""wordfence/wordfence.php"",""ver"":""9.0.1"",""sig"":""v1:nohash""}","Wed Sep 16 2026 19:40:53 GMT-0400 (Eastern Daylight Time)"
"auditor:scan=fingerprint {""blog_id"":1,""kind"":""active-plugin"",""name"":""Redirection"",""slug"":""redirection/redirection.php"",""ver"":""5.10.0"",""sig"":""v1:nohash""}","Wed Sep 16 2026 19:40:53 GMT-0400 (Eastern Daylight Time)"
"auditor:scan=fingerprint {""blog_id"":1,""kind"":""active-plugin"",""name"":""Panorama \u2013 Turn Photos into Immersive Virtual Tours"",""slug"":""panorama/panorama.php"",""ver"":""1.8.0"",""sig"":""v1:nohash""}","Wed Sep 16 2026 19:40:53 GMT-0400 (Eastern Daylight Time)"
"auditor:scan=fingerprint {""blog_id"":1,""kind"":""active-plugin"",""name"":""Meta pixel for WordPress"",""slug"":""official-facebook-pixel/facebook-for-wordpress.php"",""ver"":""5.2.2"",""sig"":""v1:nohash""}","Wed Sep 16 2026 19:40:53 GMT-0400 (Eastern Daylight Time)"
"auditor:scan=fingerprint {""blog_id"":1,""kind"":""active-plugin"",""name"":""Klaviyo"",""slug"":""klaviyo/klaviyo.php"",""ver"":""3.8.3"",""sig"":""v1:nohash""}","Wed Sep 16 2026 19:40:53 GMT-0400 (Eastern Daylight Time)"
"auditor:scan=fingerprint {""blog_id"":1,""kind"":""active-plugin"",""name"":""Smash Balloon Instagram Feed"",""slug"":""instagram-feed/instagram-feed.php"",""ver"":""6.13.0"",""sig"":""v1:nohash""}","Wed Sep 16 2026 19:40:53 GMT-0400 (Eastern Daylight Time)"
"auditor:scan=fingerprint {""blog_id"":1,""kind"":""active-plugin"",""name"":""Social Feed Gallery"",""slug"":""insta-gallery/insta-gallery.php"",""ver"":""5.0.8"",""sig"":""v1:nohash""}","Wed Sep 16 2026 19:40:53 GMT-0400 (Eastern Daylight Time)"
"auditor:scan=fingerprint {""blog_id"":1,""kind"":""active-plugin"",""name"":""Header Footer Code Manager"",""slug"":""header-footer-code-manager/99robots-header-footer-code-manager.php"",""ver"":""1.1.46"",""sig"":""v1:nohash""}","Wed Sep 16 2026 19:40:53 GMT-0400 (Eastern Daylight Time)"
"auditor:scan=fingerprint {""blog_id"":1,""kind"":""active-plugin"",""name"":""Google Language Translator"",""slug"":""google-language-translator/google-language-translator.php"",""ver"":""6.0.20"",""sig"":""v1:nohash""}","Wed Sep 16 2026 19:40:53 GMT-0400 (Eastern Daylight Time)"
"auditor:scan=fingerprint {""blog_id"":1,""kind"":""active-plugin"",""name"":""FlowPaper"",""slug"":""flowpaper-lite-pdf-flipbook/flowpaper.php"",""ver"":""2.0.8"",""sig"":""v1:nohash""}","Wed Sep 16 2026 19:40:53 GMT-0400 (Eastern Daylight Time)"
"auditor:scan=fingerprint {""blog_id"":1,""kind"":""active-plugin"",""name"":""EWWW Image Optimizer"",""slug"":""ewww-image-optimizer/ewww-image-optimizer.php"",""ver"":""8.7.7"",""sig"":""v1:nohash""}","Wed Sep 16 2026 19:40:53 GMT-0400 (Eastern Daylight Time)"
"auditor:scan=fingerprint {""blog_id"":1,""kind"":""active-plugin"",""name"":""Enable Media Replace"",""slug"":""enable-media-replace/enable-media-replace.php"",""ver"":""4.2.2"",""sig"":""v1:nohash""}","Wed Sep 16 2026 19:40:53 GMT-0400 (Eastern Daylight Time)"
"auditor:scan=fingerprint {""blog_id"":1,""kind"":""active-plugin"",""name"":""Custom Post Type UI"",""slug"":""custom-post-type-ui/custom-post-type-ui.php"",""ver"":""1.19.3"",""sig"":""v1:nohash""}","Wed Sep 16 2026 19:40:53 GMT-0400 (Eastern Daylight Time)"
"auditor:scan=fingerprint {""blog_id"":1,""kind"":""active-plugin"",""name"":""Create And Assign Categories For Pages"",""slug"":""create-and-assign-categories-for-pages/create-and-assign-categories-for-pages.php"",""ver"":""1.2.1"",""sig"":""v1:nohash""}","Wed Sep 16 2026 19:40:53 GMT-0400 (Eastern Daylight Time)"
"auditor:scan=fingerprint {""blog_id"":1,""kind"":""active-plugin"",""name"":""Constant Contact Forms for WordPress"",""slug"":""constant-contact-forms/constant-contact-forms.php"",""ver"":""2.21.0"",""sig"":""v1:nohash""}","Wed Sep 16 2026 19:40:53 GMT-0400 (Eastern Daylight Time)"
"auditor:scan=fingerprint {""blog_id"":1,""kind"":""active-plugin"",""name"":""PowerPack for Beaver Builder"",""slug"":""bbpowerpack/bb-powerpack.php"",""ver"":""2.42.3"",""sig"":""v1:nohash""}","Wed Sep 16 2026 19:40:53 GMT-0400 (Eastern Daylight Time)"
"auditor:scan=fingerprint {""blog_id"":1,""kind"":""active-plugin"",""name"":""Ultimate Addons for Beaver Builder Pro"",""slug"":""bb-ultimate-addon/bb-ultimate-addon.php"",""ver"":""1.37.7"",""sig"":""v1:nohash""}","Wed Sep 16 2026 19:40:53 GMT-0400 (Eastern Daylight Time)"
"auditor:scan=fingerprint {""blog_id"":1,""kind"":""active-plugin"",""name"":""Beaver Themer"",""slug"":""bb-theme-builder/bb-theme-builder.php"",""ver"":""1.6"",""sig"":""v1:nohash""}","Wed Sep 16 2026 19:40:53 GMT-0400 (Eastern Daylight Time)"
"auditor:scan=fingerprint {""blog_id"":1,""kind"":""active-plugin"",""name"":""Beaver Builder Plugin (Pro Version)"",""slug"":""bb-plugin/fl-builder.php"",""ver"":""2.11.0.4"",""sig"":""v1:nohash""}","Wed Sep 16 2026 19:40:53 GMT-0400 (Eastern Daylight Time)"
"auditor:scan=fingerprint {""blog_id"":1,""kind"":""active-plugin"",""name"":""WP Engine Smart Plugin Manager"",""slug"":""autoupdater/autoupdater.php"",""ver"":""6.1.8"",""sig"":""v1:nohash""}","Wed Sep 16 2026 19:40:53 GMT-0400 (Eastern Daylight Time)"
"auditor:scan=fingerprint {""blog_id"":1,""kind"":""active-plugin"",""name"":""Advanced Custom Fields PRO"",""slug"":""advanced-custom-fields-pro/acf.php"",""ver"":""6.8.10"",""sig"":""v1:nohash""}","Wed Sep 16 2026 19:40:53 GMT-0400 (Eastern Daylight Time)"
"auditor:scan=fingerprint {""blog_id"":1,""kind"":""active-plugin"",""name"":""Gravity Forms"",""slug"":""gravityforms/gravityforms.php"",""ver"":""3.1.1"",""sig"":""v1:nohash""}","Wed Sep 16 2026 19:40:53 GMT-0400 (Eastern Daylight Time)"
"auditor:scan=fingerprint {""blog_id"":1,""kind"":""mu-plugin"",""name"":""WP Engine Security Auditor"",""slug"":""wpengine-security-auditor.php"",""ver"":""1.1.1"",""sig"":""v1:nohash""}","Wed Sep 16 2026 19:40:53 GMT-0400 (Eastern Daylight Time)"
"auditor:scan=fingerprint {""blog_id"":1,""kind"":""mu-plugin"",""name"":""WP Engine Seamless Login Plugin"",""slug"":""wpe-wp-sign-on-plugin.php"",""ver"":""1.6.2"",""sig"":""v1:nohash""}","Wed Sep 16 2026 19:40:53 GMT-0400 (Eastern Daylight Time)"
"auditor:scan=fingerprint {""blog_id"":1,""kind"":""mu-plugin"",""name"":""WP Engine Update Source Selector"",""slug"":""wpe-update-source-selector.php"",""ver"":""1.1.5"",""sig"":""v1:nohash""}","Wed Sep 16 2026 19:40:53 GMT-0400 (Eastern Daylight Time)"
"auditor:scan=fingerprint {""blog_id"":1,""kind"":""mu-plugin"",""name"":""WP Engine Cache Plugin"",""slug"":""wpe-cache-plugin.php"",""ver"":""1.3.0"",""sig"":""v1:nohash""}","Wed Sep 16 2026 19:40:53 GMT-0400 (Eastern Daylight Time)"
"auditor:scan=fingerprint {""blog_id"":1,""kind"":""mu-plugin"",""name"":""Force Strong Passwords - WPE Edition"",""slug"":""slt-force-strong-passwords.php"",""ver"":""1.8.0"",""sig"":""v1:nohash""}","Wed Sep 16 2026 19:40:53 GMT-0400 (Eastern Daylight Time)"
"auditor:scan=fingerprint {""blog_id"":1,""kind"":""mu-plugin"",""name"":""WP Engine System"",""slug"":""mu-plugin.php"",""ver"":""6.6.3"",""sig"":""v1:nohash""}","Wed Sep 16 2026 19:40:53 GMT-0400 (Eastern Daylight Time)"
"PHP Fatal error:  Uncaught Error: Call to undefined function add_action() in /nas/content/live/miraclemilesh/wp-includes/blocks/search.php:240#012Stack trace:#012#0 {main}#012  thrown in /nas/content/live/miraclemilesh/wp-includes/blocks/search.php on line 240","Wed Sep 16 2026 18:32:43 GMT-0400 (Eastern Daylight Time)"
"PHP Fatal error:  Uncaught Error: Call to undefined function add_action() in /nas/content/live/miraclemilesh/wp-includes/blocks/rss.php:145#012Stack trace:#012#0 {main}#012  thrown in /nas/content/live/miraclemilesh/wp-includes/blocks/rss.php on line 145","Wed Sep 16 2026 18:32:43 GMT-0400 (Eastern Daylight Time)"
"PHP Fatal error:  Uncaught Error: Call to undefined function add_action() in /nas/content/live/miraclemilesh/wp-includes/blocks/latest-posts.php:283#012Stack trace:#012#0 {main}#012  thrown in /nas/content/live/miraclemilesh/wp-includes/blocks/latest-posts.php on line 283","Wed Sep 16 2026 18:32:43 GMT-0400 (Eastern Daylight Time)"
"PHP Fatal error:  Uncaught Error: Undefined constant ""ABSPATH"" in /nas/content/live/miraclemilesh/wp-settings.php:34#012Stack trace:#012#0 {main}#012  thrown in /nas/content/live/miraclemilesh/wp-settings.php on line 34","Wed Sep 16 2026 18:32:39 GMT-0400 (Eastern Daylight Time)"
"auditor:event=wp_login {""user_id"":2,""blog_id"":1,""event"":""wp_login"",""current_user_id"":2,""remote_addr"":""65.153.132.218""}","Wed Sep 16 2026 16:45:06 GMT-0400 (Eastern Daylight Time)"
"auditor:event=wp_login {""user_id"":2,""blog_id"":1,""event"":""wp_login"",""current_user_id"":0,""remote_addr"":""65.153.132.218""}","Wed Sep 16 2026 16:44:34 GMT-0400 (Eastern Daylight Time)"
"auditor:scan=fingerprint {""blog_id"":1,""kind"":""wp-core"",""name"":""wp-admin"",""slug"":""wp-admin"",""ver"":""7.1"",""sig"":""v1:nohash""}","Wed Sep 16 2026 14:52:07 GMT-0400 (Eastern Daylight Time)"
"auditor:scan=fingerprint {""blog_id"":1,""kind"":""wp-core"",""name"":""wp-includes"",""slug"":""wp-includes"",""ver"":""7.1"",""sig"":""v1:nohash""}","Wed Sep 16 2026 14:52:07 GMT-0400 (Eastern Daylight Time)"
"auditor:scan=fingerprint {""blog_id"":1,""kind"":""wp-core"",""name"":""wp-admin"",""slug"":""wp-admin"",""ver"":""7.1"",""sig"":""v1:nohash""}","Wed Sep 16 2026 13:27:46 GMT-0400 (Eastern Daylight Time)"
"auditor:scan=fingerprint {""blog_id"":1,""kind"":""wp-core"",""name"":""wp-includes"",""slug"":""wp-includes"",""ver"":""7.1"",""sig"":""v1:nohash""}","Wed Sep 16 2026 13:27:46 GMT-0400 (Eastern Daylight Time)"
"auditor:scan=fingerprint {""blog_id"":1,""kind"":""theme"",""name"":""Twenty Twenty-Five"",""slug"":""twentytwentyfive"",""ver"":""1.5"",""sig"":""v1:nohash""}","Wed Sep 16 2026 11:42:07 GMT-0400 (Eastern Daylight Time)"
"auditor:scan=fingerprint {""blog_id"":1,""kind"":""theme"",""name"":""Genesis Block Theme"",""slug"":""genesis-block-theme"",""ver"":""1.0.0"",""sig"":""v1:nohash""}","Wed Sep 16 2026 11:42:07 GMT-0400 (Eastern Daylight Time)"
"auditor:scan=fingerprint {""blog_id"":1,""kind"":""theme"",""name"":""Beaver Builder Theme"",""slug"":""bb-theme"",""ver"":""1.7.20"",""sig"":""v1:nohash""}","Wed Sep 16 2026 11:42:07 GMT-0400 (Eastern Daylight Time)"
"auditor:scan=fingerprint {""blog_id"":1,""kind"":""theme"",""name"":""Beaver Builder Child Theme"",""slug"":""bb-theme-child"",""ver"":""1.0"",""sig"":""v1:nohash""}","Wed Sep 16 2026 11:42:07 GMT-0400 (Eastern Daylight Time)"
"auditor:scan=fingerprint {""blog_id"":1,""kind"":""installed-plugin"",""name"":""Genesis Blocks"",""slug"":""genesis-blocks/genesis-blocks.php"",""ver"":""3.1.11"",""sig"":""v1:nohash""}","Wed Sep 16 2026 07:16:48 GMT-0400 (Eastern Daylight Time)"
"auditor:scan=fingerprint {""blog_id"":1,""kind"":""installed-plugin"",""name"":""Akismet Anti-spam: Spam Protection"",""slug"":""akismet/akismet.php"",""ver"":""5.7.2"",""sig"":""v1:nohash""}","Wed Sep 16 2026 07:16:48 GMT-0400 (Eastern Daylight Time)"
"auditor:scan=fingerprint {""blog_id"":1,""kind"":""installed-plugin"",""name"":""Advanced Custom Fields"",""slug"":""advanced-custom-fields/acf.php"",""ver"":""6.8.10"",""sig"":""v1:nohash""}","Wed Sep 16 2026 07:16:48 GMT-0400 (Eastern Daylight Time)"
"auditor:scan=fingerprint {""blog_id"":1,""kind"":""active-plugin"",""name"":""WP Engine Site Migration"",""slug"":""wpe-site-migration/wpe-site-migration.php"",""ver"":""1.8.5"",""sig"":""v1:nohash""}","Wed Sep 16 2026 07:16:48 GMT-0400 (Eastern Daylight Time)"
"auditor:scan=fingerprint {""blog_id"":1,""kind"":""active-plugin"",""name"":""WP Activity Log"",""slug"":""wp-security-audit-log/wp-security-audit-log.php"",""ver"":""5.6.6"",""sig"":""v1:nohash""}","Wed Sep 16 2026 07:16:48 GMT-0400 (Eastern Daylight Time)"
"auditor:scan=fingerprint {""blog_id"":1,""kind"":""active-plugin"",""name"":""WP All Import"",""slug"":""wp-all-import/plugin.php"",""ver"":""4.1.1"",""sig"":""v1:nohash""}","Wed Sep 16 2026 07:16:48 GMT-0400 (Eastern Daylight Time)"
"auditor:scan=fingerprint {""blog_id"":1,""kind"":""active-plugin"",""name"":""WP All Export"",""slug"":""wp-all-export/wp-all-export.php"",""ver"":""1.5.0"",""sig"":""v1:nohash""}","Wed Sep 16 2026 07:16:48 GMT-0400 (Eastern Daylight Time)"
"auditor:scan=fingerprint {""blog_id"":1,""kind"":""active-plugin"",""name"":""Yoast SEO"",""slug"":""wordpress-seo/wp-seo.php"",""ver"":""28.5"",""sig"":""v1:nohash""}","Wed Sep 16 2026 07:16:48 GMT-0400 (Eastern Daylight Time)"
"auditor:scan=fingerprint {""blog_id"":1,""kind"":""active-plugin"",""name"":""WordPress Importer"",""slug"":""wordpress-importer/wordpress-importer.php"",""ver"":""0.9.6"",""sig"":""v1:nohash""}","Wed Sep 16 2026 07:16:48 GMT-0400 (Eastern Daylight Time)"
"auditor:scan=fingerprint {""blog_id"":1,""kind"":""active-plugin"",""name"":""Wordfence Security"",""slug"":""wordfence/wordfence.php"",""ver"":""9.0.1"",""sig"":""v1:nohash""}","Wed Sep 16 2026 07:16:48 GMT-0400 (Eastern Daylight Time)"
"auditor:scan=fingerprint {""blog_id"":1,""kind"":""active-plugin"",""name"":""Redirection"",""slug"":""redirection/redirection.php"",""ver"":""5.10.0"",""sig"":""v1:nohash""}","Wed Sep 16 2026 07:16:48 GMT-0400 (Eastern Daylight Time)"
"auditor:scan=fingerprint {""blog_id"":1,""kind"":""active-plugin"",""name"":""Panorama \u2013 Turn Photos into Immersive Virtual Tours"",""slug"":""panorama/panorama.php"",""ver"":""1.8.0"",""sig"":""v1:nohash""}","Wed Sep 16 2026 07:16:48 GMT-0400 (Eastern Daylight Time)"
"auditor:scan=fingerprint {""blog_id"":1,""kind"":""active-plugin"",""name"":""Meta pixel for WordPress"",""slug"":""official-facebook-pixel/facebook-for-wordpress.php"",""ver"":""5.2.2"",""sig"":""v1:nohash""}","Wed Sep 16 2026 07:16:48 GMT-0400 (Eastern Daylight Time)"
"auditor:scan=fingerprint {""blog_id"":1,""kind"":""active-plugin"",""name"":""Klaviyo"",""slug"":""klaviyo/klaviyo.php"",""ver"":""3.8.3"",""sig"":""v1:nohash""}","Wed Sep 16 2026 07:16:48 GMT-0400 (Eastern Daylight Time)"
"auditor:scan=fingerprint {""blog_id"":1,""kind"":""active-plugin"",""name"":""Smash Balloon Instagram Feed"",""slug"":""instagram-feed/instagram-feed.php"",""ver"":""6.13.0"",""sig"":""v1:nohash""}","Wed Sep 16 2026 07:16:48 GMT-0400 (Eastern Daylight Time)"
"auditor:scan=fingerprint {""blog_id"":1,""kind"":""active-plugin"",""name"":""Social Feed Gallery"",""slug"":""insta-gallery/insta-gallery.php"",""ver"":""5.0.8"",""sig"":""v1:nohash""}","Wed Sep 16 2026 07:16:48 GMT-0400 (Eastern Daylight Time)"
"auditor:scan=fingerprint {""blog_id"":1,""kind"":""active-plugin"",""name"":""Header Footer Code Manager"",""slug"":""header-footer-code-manager/99robots-header-footer-code-manager.php"",""ver"":""1.1.46"",""sig"":""v1:nohash""}","Wed Sep 16 2026 07:16:48 GMT-0400 (Eastern Daylight Time)"
"auditor:scan=fingerprint {""blog_id"":1,""kind"":""active-plugin"",""name"":""Google Language Translator"",""slug"":""google-language-translator/google-language-translator.php"",""ver"":""6.0.20"",""sig"":""v1:nohash""}","Wed Sep 16 2026 07:16:48 GMT-0400 (Eastern Daylight Time)"
"auditor:scan=fingerprint {""blog_id"":1,""kind"":""active-plugin"",""name"":""FlowPaper"",""slug"":""flowpaper-lite-pdf-flipbook/flowpaper.php"",""ver"":""2.0.8"",""sig"":""v1:nohash""}","Wed Sep 16 2026 07:16:48 GMT-0400 (Eastern Daylight Time)"
"auditor:scan=fingerprint {""blog_id"":1,""kind"":""active-plugin"",""name"":""EWWW Image Optimizer"",""slug"":""ewww-image-optimizer/ewww-image-optimizer.php"",""ver"":""8.7.7"",""sig"":""v1:nohash""}","Wed Sep 16 2026 07:16:48 GMT-0400 (Eastern Daylight Time)"
"auditor:scan=fingerprint {""blog_id"":1,""kind"":""active-plugin"",""name"":""Enable Media Replace"",""slug"":""enable-media-replace/enable-media-replace.php"",""ver"":""4.2.2"",""sig"":""v1:nohash""}","Wed Sep 16 2026 07:16:48 GMT-0400 (Eastern Daylight Time)"
"auditor:scan=fingerprint {""blog_id"":1,""kind"":""active-plugin"",""name"":""Custom Post Type UI"",""slug"":""custom-post-type-ui/custom-post-type-ui.php"",""ver"":""1.19.3"",""sig"":""v1:nohash""}","Wed Sep 16 2026 07:16:48 GMT-0400 (Eastern Daylight Time)"
"auditor:scan=fingerprint {""blog_id"":1,""kind"":""active-plugin"",""name"":""Create And Assign Categories For Pages"",""slug"":""create-and-assign-categories-for-pages/create-and-assign-categories-for-pages.php"",""ver"":""1.2.1"",""sig"":""v1:nohash""}","Wed Sep 16 2026 07:16:48 GMT-0400 (Eastern Daylight Time)"
"auditor:scan=fingerprint {""blog_id"":1,""kind"":""active-plugin"",""name"":""Constant Contact Forms for WordPress"",""slug"":""constant-contact-forms/constant-contact-forms.php"",""ver"":""2.21.0"",""sig"":""v1:nohash""}","Wed Sep 16 2026 07:16:48 GMT-0400 (Eastern Daylight Time)"
"auditor:scan=fingerprint {""blog_id"":1,""kind"":""active-plugin"",""name"":""PowerPack for Beaver Builder"",""slug"":""bbpowerpack/bb-powerpack.php"",""ver"":""2.42.3"",""sig"":""v1:nohash""}","Wed Sep 16 2026 07:16:48 GMT-0400 (Eastern Daylight Time)"
"auditor:scan=fingerprint {""blog_id"":1,""kind"":""active-plugin"",""name"":""Ultimate Addons for Beaver Builder Pro"",""slug"":""bb-ultimate-addon/bb-ultimate-addon.php"",""ver"":""1.37.7"",""sig"":""v1:nohash""}","Wed Sep 16 2026 07:16:48 GMT-0400 (Eastern Daylight Time)"
"auditor:scan=fingerprint {""blog_id"":1,""kind"":""active-plugin"",""name"":""Beaver Themer"",""slug"":""bb-theme-builder/bb-theme-builder.php"",""ver"":""1.6"",""sig"":""v1:nohash""}","Wed Sep 16 2026 07:16:48 GMT-0400 (Eastern Daylight Time)"
"auditor:scan=fingerprint {""blog_id"":1,""kind"":""active-plugin"",""name"":""Beaver Builder Plugin (Pro Version)"",""slug"":""bb-plugin/fl-builder.php"",""ver"":""2.11.0.4"",""sig"":""v1:nohash""}","Wed Sep 16 2026 07:16:48 GMT-0400 (Eastern Daylight Time)"
"auditor:scan=fingerprint {""blog_id"":1,""kind"":""active-plugin"",""name"":""WP Engine Smart Plugin Manager"",""slug"":""autoupdater/autoupdater.php"",""ver"":""6.1.8"",""sig"":""v1:nohash""}","Wed Sep 16 2026 07:16:48 GMT-0400 (Eastern Daylight Time)"
"auditor:scan=fingerprint {""blog_id"":1,""kind"":""active-plugin"",""name"":""Advanced Custom Fields PRO"",""slug"":""advanced-custom-fields-pro/acf.php"",""ver"":""6.8.10"",""sig"":""v1:nohash""}","Wed Sep 16 2026 07:16:48 GMT-0400 (Eastern Daylight Time)"
"auditor:scan=fingerprint {""blog_id"":1,""kind"":""active-plugin"",""name"":""Gravity Forms"",""slug"":""gravityforms/gravityforms.php"",""ver"":""3.1.1"",""sig"":""v1:nohash""}","Wed Sep 16 2026 07:16:48 GMT-0400 (Eastern Daylight Time)"
"auditor:scan=fingerprint {""blog_id"":1,""kind"":""mu-plugin"",""name"":""WP Engine Security Auditor"",""slug"":""wpengine-security-auditor.php"",""ver"":""1.1.1"",""sig"":""v1:nohash""}","Wed Sep 16 2026 07:16:48 GMT-0400 (Eastern Daylight Time)"
"auditor:scan=fingerprint {""blog_id"":1,""kind"":""mu-plugin"",""name"":""WP Engine Seamless Login Plugin"",""slug"":""wpe-wp-sign-on-plugin.php"",""ver"":""1.6.2"",""sig"":""v1:nohash""}","Wed Sep 16 2026 07:16:48 GMT-0400 (Eastern Daylight Time)"
"auditor:scan=fingerprint {""blog_id"":1,""kind"":""mu-plugin"",""name"":""WP Engine Update Source Selector"",""slug"":""wpe-update-source-selector.php"",""ver"":""1.1.5"",""sig"":""v1:nohash""}","Wed Sep 16 2026 07:16:48 GMT-0400 (Eastern Daylight Time)"
"auditor:scan=fingerprint {""blog_id"":1,""kind"":""mu-plugin"",""name"":""WP Engine Cache Plugin"",""slug"":""wpe-cache-plugin.php"",""ver"":""1.3.0"",""sig"":""v1:nohash""}","Wed Sep 16 2026 07:16:48 GMT-0400 (Eastern Daylight Time)"
"auditor:scan=fingerprint {""blog_id"":1,""kind"":""mu-plugin"",""name"":""Force Strong Passwords - WPE Edition"",""slug"":""slt-force-strong-passwords.php"",""ver"":""1.8.0"",""sig"":""v1:nohash""}","Wed Sep 16 2026 07:16:48 GMT-0400 (Eastern Daylight Time)"
"auditor:scan=fingerprint {""blog_id"":1,""kind"":""mu-plugin"",""name"":""WP Engine System"",""slug"":""mu-plugin.php"",""ver"":""6.6.3"",""sig"":""v1:nohash""}","Wed Sep 16 2026 07:16:48 GMT-0400 (Eastern Daylight Time)"
"auditor:event=upgrader_process_complete_plugin {""plugin"":""wpe-site-migration/wpe-site-migration.php"",""type"":""plugin"",""action"":""update"",""temp_backup"":{""slug"":""wpe-site-migration"",""src"":""/nas/content/live/miraclemilesh/wp-content/plugins"",""dir"":""plugins""},""blog_id"":1,""event"":""upgrader_process_complete_plugin"",""current_user_id"":7,""remote_addr"":""35.245.210.234""}","Wed Sep 16 2026 03:19:14 GMT-0400 (Eastern Daylight Time)"
"auditor:scan=fingerprint {""blog_id"":1,""kind"":""theme"",""name"":""Twenty Twenty-Five"",""slug"":""twentytwentyfive"",""ver"":""1.5"",""sig"":""v1:nohash""}","Wed Sep 16 2026 01:46:34 GMT-0400 (Eastern Daylight Time)"
"auditor:scan=fingerprint {""blog_id"":1,""kind"":""theme"",""name"":""Genesis Block Theme"",""slug"":""genesis-block-theme"",""ver"":""1.0.0"",""sig"":""v1:nohash""}","Wed Sep 16 2026 01:46:34 GMT-0400 (Eastern Daylight Time)"
"auditor:scan=fingerprint {""blog_id"":1,""kind"":""theme"",""name"":""Beaver Builder Theme"",""slug"":""bb-theme"",""ver"":""1.7.20"",""sig"":""v1:nohash""}","Wed Sep 16 2026 01:46:34 GMT-0400 (Eastern Daylight Time)"
"auditor:scan=fingerprint {""blog_id"":1,""kind"":""theme"",""name"":""Beaver Builder Child Theme"",""slug"":""bb-theme-child"",""ver"":""1.0"",""sig"":""v1:nohash""}","Wed Sep 16 2026 01:46:34 GMT-0400 (Eastern Daylight Time)"
"auditor:scan=fingerprint {""blog_id"":1,""kind"":""wp-core"",""name"":""wp-admin"",""slug"":""wp-admin"",""ver"":""7.1"",""sig"":""v1:nohash""}","Wed Sep 16 2026 01:04:50 GMT-0400 (Eastern Daylight Time)"
"auditor:scan=fingerprint {""blog_id"":1,""kind"":""wp-core"",""name"":""wp-includes"",""slug"":""wp-includes"",""ver"":""7.1"",""sig"":""v1:nohash""}","Wed Sep 16 2026 01:04:50 GMT-0400 (Eastern Daylight Time)"
"auditor:scan=fingerprint {""blog_id"":1,""kind"":""installed-plugin"",""name"":""Genesis Blocks"",""slug"":""genesis-blocks/genesis-blocks.php"",""ver"":""3.1.11"",""sig"":""v1:nohash""}","Tue Sep 15 2026 20:32:45 GMT-0400 (Eastern Daylight Time)"
"auditor:scan=fingerprint {""blog_id"":1,""kind"":""installed-plugin"",""name"":""Akismet Anti-spam: Spam Protection"",""slug"":""akismet/akismet.php"",""ver"":""5.7.2"",""sig"":""v1:nohash""}","Tue Sep 15 2026 20:32:45 GMT-0400 (Eastern Daylight Time)"
"auditor:scan=fingerprint {""blog_id"":1,""kind"":""installed-plugin"",""name"":""Advanced Custom Fields"",""slug"":""advanced-custom-fields/acf.php"",""ver"":""6.8.10"",""sig"":""v1:nohash""}","Tue Sep 15 2026 20:32:45 GMT-0400 (Eastern Daylight Time)"
"auditor:scan=fingerprint {""blog_id"":1,""kind"":""active-plugin"",""name"":""WP Engine Site Migration"",""slug"":""wpe-site-migration/wpe-site-migration.php"",""ver"":""1.8.4"",""sig"":""v1:nohash""}","Tue Sep 15 2026 20:32:45 GMT-0400 (Eastern Daylight Time)"
"auditor:scan=fingerprint {""blog_id"":1,""kind"":""active-plugin"",""name"":""WP Activity Log"",""slug"":""wp-security-audit-log/wp-security-audit-log.php"",""ver"":""5.6.6"",""sig"":""v1:nohash""}","Tue Sep 15 2026 20:32:45 GMT-0400 (Eastern Daylight Time)"
"auditor:scan=fingerprint {""blog_id"":1,""kind"":""active-plugin"",""name"":""WP All Import"",""slug"":""wp-all-import/plugin.php"",""ver"":""4.1.1"",""sig"":""v1:nohash""}","Tue Sep 15 2026 20:32:45 GMT-0400 (Eastern Daylight Time)"
"auditor:scan=fingerprint {""blog_id"":1,""kind"":""active-plugin"",""name"":""WP All Export"",""slug"":""wp-all-export/wp-all-export.php"",""ver"":""1.5.0"",""sig"":""v1:nohash""}","Tue Sep 15 2026 20:32:45 GMT-0400 (Eastern Daylight Time)"
"auditor:scan=fingerprint {""blog_id"":1,""kind"":""active-plugin"",""name"":""Yoast SEO"",""slug"":""wordpress-seo/wp-seo.php"",""ver"":""28.5"",""sig"":""v1:nohash""}","Tue Sep 15 2026 20:32:45 GMT-0400 (Eastern Daylight Time)"
"auditor:scan=fingerprint {""blog_id"":1,""kind"":""active-plugin"",""name"":""WordPress Importer"",""slug"":""wordpress-importer/wordpress-importer.php"",""ver"":""0.9.6"",""sig"":""v1:nohash""}","Tue Sep 15 2026 20:32:45 GMT-0400 (Eastern Daylight Time)"
"auditor:scan=fingerprint {""blog_id"":1,""kind"":""active-plugin"",""name"":""Wordfence Security"",""slug"":""wordfence/wordfence.php"",""ver"":""9.0.1"",""sig"":""v1:nohash""}","Tue Sep 15 2026 20:32:45 GMT-0400 (Eastern Daylight Time)"
"auditor:scan=fingerprint {""blog_id"":1,""kind"":""active-plugin"",""name"":""Redirection"",""slug"":""redirection/redirection.php"",""ver"":""5.10.0"",""sig"":""v1:nohash""}","Tue Sep 15 2026 20:32:45 GMT-0400 (Eastern Daylight Time)"
"auditor:scan=fingerprint {""blog_id"":1,""kind"":""active-plugin"",""name"":""Panorama \u2013 Turn Photos into Immersive Virtual Tours"",""slug"":""panorama/panorama.php"",""ver"":""1.8.0"",""sig"":""v1:nohash""}","Tue Sep 15 2026 20:32:45 GMT-0400 (Eastern Daylight Time)"
"auditor:scan=fingerprint {""blog_id"":1,""kind"":""active-plugin"",""name"":""Meta pixel for WordPress"",""slug"":""official-facebook-pixel/facebook-for-wordpress.php"",""ver"":""5.2.2"",""sig"":""v1:nohash""}","Tue Sep 15 2026 20:32:45 GMT-0400 (Eastern Daylight Time)"
"auditor:scan=fingerprint {""blog_id"":1,""kind"":""active-plugin"",""name"":""Klaviyo"",""slug"":""klaviyo/klaviyo.php"",""ver"":""3.8.3"",""sig"":""v1:nohash""}","Tue Sep 15 2026 20:32:45 GMT-0400 (Eastern Daylight Time)"
"auditor:scan=fingerprint {""blog_id"":1,""kind"":""active-plugin"",""name"":""Smash Balloon Instagram Feed"",""slug"":""instagram-feed/instagram-feed.php"",""ver"":""6.13.0"",""sig"":""v1:nohash""}","Tue Sep 15 2026 20:32:45 GMT-0400 (Eastern Daylight Time)"
"auditor:scan=fingerprint {""blog_id"":1,""kind"":""active-plugin"",""name"":""Social Feed Gallery"",""slug"":""insta-gallery/insta-gallery.php"",""ver"":""5.0.8"",""sig"":""v1:nohash""}","Tue Sep 15 2026 20:32:45 GMT-0400 (Eastern Daylight Time)"
"auditor:scan=fingerprint {""blog_id"":1,""kind"":""active-plugin"",""name"":""Header Footer Code Manager"",""slug"":""header-footer-code-manager/99robots-header-footer-code-manager.php"",""ver"":""1.1.46"",""sig"":""v1:nohash""}","Tue Sep 15 2026 20:32:45 GMT-0400 (Eastern Daylight Time)"
"auditor:scan=fingerprint {""blog_id"":1,""kind"":""active-plugin"",""name"":""Google Language Translator"",""slug"":""google-language-translator/google-language-translator.php"",""ver"":""6.0.20"",""sig"":""v1:nohash""}","Tue Sep 15 2026 20:32:45 GMT-0400 (Eastern Daylight Time)"
"auditor:scan=fingerprint {""blog_id"":1,""kind"":""active-plugin"",""name"":""FlowPaper"",""slug"":""flowpaper-lite-pdf-flipbook/flowpaper.php"",""ver"":""2.0.8"",""sig"":""v1:nohash""}","Tue Sep 15 2026 20:32:45 GMT-0400 (Eastern Daylight Time)"
"auditor:scan=fingerprint {""blog_id"":1,""kind"":""active-plugin"",""name"":""EWWW Image Optimizer"",""slug"":""ewww-image-optimizer/ewww-image-optimizer.php"",""ver"":""8.7.7"",""sig"":""v1:nohash""}","Tue Sep 15 2026 20:32:45 GMT-0400 (Eastern Daylight Time)"
"auditor:scan=fingerprint {""blog_id"":1,""kind"":""active-plugin"",""name"":""Enable Media Replace"",""slug"":""enable-media-replace/enable-media-replace.php"",""ver"":""4.2.2"",""sig"":""v1:nohash""}","Tue Sep 15 2026 20:32:45 GMT-0400 (Eastern Daylight Time)"
"auditor:scan=fingerprint {""blog_id"":1,""kind"":""active-plugin"",""name"":""Custom Post Type UI"",""slug"":""custom-post-type-ui/custom-post-type-ui.php"",""ver"":""1.19.3"",""sig"":""v1:nohash""}","Tue Sep 15 2026 20:32:45 GMT-0400 (Eastern Daylight Time)"
"auditor:scan=fingerprint {""blog_id"":1,""kind"":""active-plugin"",""name"":""Create And Assign Categories For Pages"",""slug"":""create-and-assign-categories-for-pages/create-and-assign-categories-for-pages.php"",""ver"":""1.2.1"",""sig"":""v1:nohash""}","Tue Sep 15 2026 20:32:45 GMT-0400 (Eastern Daylight Time)"
"auditor:scan=fingerprint {""blog_id"":1,""kind"":""active-plugin"",""name"":""Constant Contact Forms for WordPress"",""slug"":""constant-contact-forms/constant-contact-forms.php"",""ver"":""2.21.0"",""sig"":""v1:nohash""}","Tue Sep 15 2026 20:32:45 GMT-0400 (Eastern Daylight Time)"
"auditor:scan=fingerprint {""blog_id"":1,""kind"":""active-plugin"",""name"":""PowerPack for Beaver Builder"",""slug"":""bbpowerpack/bb-powerpack.php"",""ver"":""2.42.3"",""sig"":""v1:nohash""}","Tue Sep 15 2026 20:32:45 GMT-0400 (Eastern Daylight Time)"
"auditor:scan=fingerprint {""blog_id"":1,""kind"":""active-plugin"",""name"":""Ultimate Addons for Beaver Builder Pro"",""slug"":""bb-ultimate-addon/bb-ultimate-addon.php"",""ver"":""1.37.7"",""sig"":""v1:nohash""}","Tue Sep 15 2026 20:32:45 GMT-0400 (Eastern Daylight Time)"
"auditor:scan=fingerprint {""blog_id"":1,""kind"":""active-plugin"",""name"":""Beaver Themer"",""slug"":""bb-theme-builder/bb-theme-builder.php"",""ver"":""1.6"",""sig"":""v1:nohash""}","Tue Sep 15 2026 20:32:45 GMT-0400 (Eastern Daylight Time)"
"auditor:scan=fingerprint {""blog_id"":1,""kind"":""active-plugin"",""name"":""Beaver Builder Plugin (Pro Version)"",""slug"":""bb-plugin/fl-builder.php"",""ver"":""2.11.0.4"",""sig"":""v1:nohash""}","Tue Sep 15 2026 20:32:45 GMT-0400 (Eastern Daylight Time)"
"auditor:scan=fingerprint {""blog_id"":1,""kind"":""active-plugin"",""name"":""WP Engine Smart Plugin Manager"",""slug"":""autoupdater/autoupdater.php"",""ver"":""6.1.8"",""sig"":""v1:nohash""}","Tue Sep 15 2026 20:32:45 GMT-0400 (Eastern Daylight Time)"
"auditor:scan=fingerprint {""blog_id"":1,""kind"":""active-plugin"",""name"":""Advanced Custom Fields PRO"",""slug"":""advanced-custom-fields-pro/acf.php"",""ver"":""6.8.10"",""sig"":""v1:nohash""}","Tue Sep 15 2026 20:32:45 GMT-0400 (Eastern Daylight Time)"
"auditor:scan=fingerprint {""blog_id"":1,""kind"":""active-plugin"",""name"":""Gravity Forms"",""slug"":""gravityforms/gravityforms.php"",""ver"":""3.1.1"",""sig"":""v1:nohash""}","Tue Sep 15 2026 20:32:45 GMT-0400 (Eastern Daylight Time)"
"auditor:scan=fingerprint {""blog_id"":1,""kind"":""mu-plugin"",""name"":""WP Engine Security Auditor"",""slug"":""wpengine-security-auditor.php"",""ver"":""1.1.1"",""sig"":""v1:nohash""}","Tue Sep 15 2026 20:32:45 GMT-0400 (Eastern Daylight Time)"
"auditor:scan=fingerprint {""blog_id"":1,""kind"":""mu-plugin"",""name"":""WP Engine Seamless Login Plugin"",""slug"":""wpe-wp-sign-on-plugin.php"",""ver"":""1.6.2"",""sig"":""v1:nohash""}","Tue Sep 15 2026 20:32:45 GMT-0400 (Eastern Daylight Time)"
"auditor:scan=fingerprint {""blog_id"":1,""kind"":""mu-plugin"",""name"":""WP Engine Update Source Selector"",""slug"":""wpe-update-source-selector.php"",""ver"":""1.1.5"",""sig"":""v1:nohash""}","Tue Sep 15 2026 20:32:45 GMT-0400 (Eastern Daylight Time)"
"auditor:scan=fingerprint {""blog_id"":1,""kind"":""mu-plugin"",""name"":""WP Engine Cache Plugin"",""slug"":""wpe-cache-plugin.php"",""ver"":""1.3.0"",""sig"":""v1:nohash""}","Tue Sep 15 2026 20:32:45 GMT-0400 (Eastern Daylight Time)"
"auditor:scan=fingerprint {""blog_id"":1,""kind"":""mu-plugin"",""name"":""Force Strong Passwords - WPE Edition"",""slug"":""slt-force-strong-passwords.php"",""ver"":""1.8.0"",""sig"":""v1:nohash""}","Tue Sep 15 2026 20:32:45 GMT-0400 (Eastern Daylight Time)"
"auditor:scan=fingerprint {""blog_id"":1,""kind"":""mu-plugin"",""name"":""WP Engine System"",""slug"":""mu-plugin.php"",""ver"":""6.6.3"",""sig"":""v1:nohash""}","Tue Sep 15 2026 20:32:45 GMT-0400 (Eastern Daylight Time)"